{
    "noteBaseIncrement": [
        0.037275318056344986
    ],
    "partialMultiplier": [
        0.9599999785423279
    ],
    "partialVolume": [
        1.0
    ],
    "noteVolume": [
        1.0
    ],
    "noteStrikeTime": [
        1663044666.4252522
    ],
    "noteReleaseTime": [
        0.0
    ],
    "currTime": [
        1663044666.4252613
    ],
    "noteBasePhase": [
        0.0
    ],
    "attackEnvelope": [
        1.0,
        1.0,
        1.0,
        1.0,
        1.0,
        1.0,
        1.0,
        1.0,
        1.0,
        1.0,
        1.0,
        1.0,
        1.0,
        1.0,
        1.0,
        1.0,
        1.0,
        1.0,
        1.0,
        1.0,
        1.0,
        1.0,
        1.0,
        1.0,
        1.0,
        1.0,
        1.0,
        1.0,
        1.0,
        1.0,
        1.0,
        1.0,
        1.0,
        1.0,
        1.0,
        1.0,
        1.0,
        1.0,
        1.0,
        1.0,
        1.0,
        1.0,
        1.0,
        1.0,
        1.0,
        1.0,
        1.0,
        1.0,
        1.0,
        1.0,
        1.0,
        1.0,
        1.0,
        1.0,
        1.0,
        1.0,
        1.0,
        1.0,
        1.0,
        1.0,
        1.0,
        1.0,
        1.0,
        1.0
    ],
    "releaseEnvelope": [
        0.0,
        0.0,
        0.0,
        0.0,
        0.0,
        0.0,
        0.0,
        0.0,
        0.0,
        0.0,
        0.0,
        0.0,
        0.0,
        0.0,
        0.0,
        0.0,
        0.0,
        0.0,
        0.0,
        0.0,
        0.0,
        0.0,
        0.0,
        0.0,
        0.0,
        0.0,
        0.0,
        0.0,
        0.0,
        0.0,
        0.0,
        0.0,
        0.0,
        0.0,
        0.0,
        0.0,
        0.0,
        0.0,
        0.0,
        0.0,
        0.0,
        0.0,
        0.0,
        0.0,
        0.0,
        0.0,
        0.0,
        0.0,
        0.0,
        0.0,
        0.0,
        0.0,
        0.0,
        0.0,
        0.0,
        0.0,
        0.0,
        0.0,
        0.0,
        0.0,
        0.0,
        0.0,
        0.0,
        0.0
    ],
    "attackSpeedMultiplier": [
        256.0
    ],
    "releaseSpeedMultiplier": [
        256.0
    ],
    "freqFilter": [
        1.0,
        1.0,
        1.0,
        1.0,
        1.0,
        1.0,
        1.0,
        1.0,
        1.0,
        1.0,
        1.0,
        1.0,
        1.0,
        1.0,
        1.0,
        1.0,
        1.0,
        1.0,
        1.0,
        1.0,
        1.0,
        1.0,
        1.0,
        1.0,
        1.0,
        1.0,
        1.0,
        1.0,
        1.0,
        1.0,
        1.0,
        1.0,
        1.0,
        1.0,
        1.0,
        1.0,
        1.0,
        1.0,
        1.0,
        1.0,
        1.0,
        1.0,
        1.0,
        1.0,
        1.0,
        1.0,
        1.0,
        1.0,
        1.0,
        1.0,
        1.0,
        1.0,
        1.0,
        1.0,
        1.0,
        1.0,
        1.0,
        1.0,
        1.0,
        1.0,
        1.0,
        1.0,
        1.0,
        1.0
    ],
    "pitchFactor": [
        1.0
    ],
    "currTimeWithSampleOffset": [
        1663044666.4252613,
        1663044666.4252613,
        1663044666.4252613,
        1663044666.4252613,
        1663044666.4252613,
        1663044666.4252613,
        1663044666.4252613,
        1663044666.4252613,
        1663044666.4252613,
        1663044666.4252613,
        1663044666.4252613,
        1663044666.4252613,
        1663044666.4252613,
        1663044666.4252613,
        1663044666.4252613,
        1663044666.4252613,
        1663044666.4252613,
        1663044666.4252613,
        1663044666.4252613,
        1663044666.4252613,
        1663044666.4252613,
        1663044666.4252613,
        1663044666.4252613,
        1663044666.4252613,
        1663044666.4252613,
        1663044666.4252613,
        1663044666.4252613,
        1663044666.4252613,
        1663044666.4252613,
        1663044666.4252613,
        1663044666.4252613,
        1663044666.4252613
    ],
    "shadersum": [
        0.0,
        0.0,
        0.0,
        0.0,
        0.0,
        0.0,
        0.0,
        0.0,
        0.0,
        0.0,
        0.0,
        0.0,
        0.0,
        0.0,
        0.0,
        0.0,
        0.0,
        0.0,
        0.0,
        0.0,
        0.0,
        0.0,
        0.0,
        0.0,
        0.0,
        0.0,
        0.0,
        0.0,
        0.0,
        0.0,
        0.0,
        0.0,
        0.0,
        0.0,
        0.0,
        0.0,
        0.0,
        0.0,
        0.0,
        0.0,
        0.0,
        0.0,
        0.0,
        0.0,
        0.0,
        0.0,
        0.0,
        0.0,
        0.0,
        0.0,
        0.0,
        0.0,
        0.0,
        0.0,
        0.0,
        0.0,
        0.0,
        0.0,
        0.0,
        0.0,
        0.0,
        0.0,
        0.0,
        0.0
    ],
    "envelopeAmplitude": [
        1.0,
        1.0,
        1.0,
        1.0,
        1.0,
        1.0,
        1.0,
        1.0,
        1.0,
        1.0,
        1.0,
        1.0,
        1.0,
        1.0,
        1.0,
        1.0,
        1.0,
        1.0,
        1.0,
        1.0,
        1.0,
        1.0,
        1.0,
        1.0,
        1.0,
        1.0,
        1.0,
        1.0,
        1.0,
        1.0,
        1.0,
        0.0,
        0.0,
        0.0,
        0.0,
        0.0,
        0.0,
        0.0,
        0.0,
        0.0,
        0.0,
        0.0,
        0.0,
        0.0,
        0.0,
        0.0,
        0.0,
        0.0,
        0.0,
        0.0,
        0.0,
        0.0,
        0.0,
        0.0,
        0.0,
        0.0,
        0.0,
        0.0,
        0.0,
        0.0,
        0.0,
        0.0,
        0.0,
        0.0
    ],
    "envelopeIndexFloat64": [
        0.0023193359375,
        0.0023193359375,
        0.0023193359375,
        0.0023193359375,
        0.0023193359375,
        0.0023193359375,
        0.0023193359375,
        0.0023193359375,
        0.0023193359375,
        0.0023193359375,
        0.0023193359375,
        0.0023193359375,
        0.0023193359375,
        0.0023193359375,
        0.0023193359375,
        0.0023193359375,
        0.0,
        0.0,
        0.0,
        0.0,
        0.0,
        0.0,
        0.0,
        0.0,
        0.0,
        0.0,
        0.0,
        0.0,
        0.0,
        0.0,
        0.0,
        0.0
    ],
    "envelopeIndex": [
        0.0,
        0.0,
        0.0,
        0.0,
        0.0,
        0.0,
        0.0,
        0.0,
        0.0,
        0.0,
        0.0,
        0.0,
        0.0,
        0.0,
        0.0,
        0.0,
        0.0,
        0.0,
        0.0,
        0.0,
        0.0,
        0.0,
        0.0,
        0.0,
        0.0,
        0.0,
        0.0,
        0.0,
        0.0,
        0.0,
        0.0,
        0.0
    ],
    "secondsSinceStrike": [
        9.059906005859375e-06,
        9.059906005859375e-06,
        9.059906005859375e-06,
        9.059906005859375e-06,
        9.059906005859375e-06,
        9.059906005859375e-06,
        9.059906005859375e-06,
        9.059906005859375e-06,
        9.059906005859375e-06,
        9.059906005859375e-06,
        9.059906005859375e-06,
        9.059906005859375e-06,
        9.059906005859375e-06,
        9.059906005859375e-06,
        9.059906005859375e-06,
        9.059906005859375e-06,
        1663044666.4252613,
        1663044666.4252613,
        1663044666.4252613,
        1663044666.4252613,
        1663044666.4252613,
        1663044666.4252613,
        1663044666.4252613,
        1663044666.4252613,
        1663044666.4252613,
        1663044666.4252613,
        1663044666.4252613,
        1663044666.4252613,
        1663044666.4252613,
        1663044666.4252613,
        1663044666.4252613,
        1663044666.4252613
    ],