{
    "noteBaseIncrement": [
        0.037275318056344986
    ],
    "partialMultiplier": [
        0.9599999785423279
    ],
    "partialVolume": [
        1.0
    ],
    "noteVolume": [
        1.0
    ],
    "noteStrikeTime": [
        1663032891.29808
    ],
    "noteReleaseTime": [
        0.0
    ],
    "currTime": [
        1663032891.2980926
    ],
    "noteBasePhase": [
        0.0
    ],
    "attackEnvelope": [
        1.0,
        1.0,
        1.0,
        1.0,
        1.0,
        1.0,
        1.0,
        1.0,
        1.0,
        1.0,
        1.0,
        1.0,
        1.0,
        1.0,
        1.0,
        1.0,
        1.0,
        1.0,
        1.0,
        1.0,
        1.0,
        1.0,
        1.0,
        1.0,
        1.0,
        1.0,
        1.0,
        1.0,
        1.0,
        1.0,
        1.0,
        1.0,
        1.0,
        1.0,
        1.0,
        1.0,
        1.0,
        1.0,
        1.0,
        1.0,
        1.0,
        1.0,
        1.0,
        1.0,
        1.0,
        1.0,
        1.0,
        1.0,
        1.0,
        1.0,
        1.0,
        1.0,
        1.0,
        1.0,
        1.0,
        1.0,
        1.0,
        1.0,
        1.0,
        1.0,
        1.0,
        1.0,
        1.0,
        1.0
    ],
    "releaseEnvelope": [
        0.0,
        0.0,
        0.0,
        0.0,
        0.0,
        0.0,
        0.0,
        0.0,
        0.0,
        0.0,
        0.0,
        0.0,
        0.0,
        0.0,
        0.0,
        0.0,
        0.0,
        0.0,
        0.0,
        0.0,
        0.0,
        0.0,
        0.0,
        0.0,
        0.0,
        0.0,
        0.0,
        0.0,
        0.0,
        0.0,
        0.0,
        0.0,
        0.0,
        0.0,
        0.0,
        0.0,
        0.0,
        0.0,
        0.0,
        0.0,
        0.0,
        0.0,
        0.0,
        0.0,
        0.0,
        0.0,
        0.0,
        0.0,
        0.0,
        0.0,
        0.0,
        0.0,
        0.0,
        0.0,
        0.0,
        0.0,
        0.0,
        0.0,
        0.0,
        0.0,
        0.0,
        0.0,
        0.0,
        0.0
    ],
    "attackSpeedMultiplier": [
        256.0
    ],
    "releaseSpeedMultiplier": [
        256.0
    ],
    "freqFilter": [
        1.0,
        1.0,
        1.0,
        1.0,
        1.0,
        1.0,
        1.0,
        1.0,
        1.0,
        1.0,
        1.0,
        1.0,
        1.0,
        1.0,
        1.0,
        1.0,
        1.0,
        1.0,
        1.0,
        1.0,
        1.0,
        1.0,
        1.0,
        1.0,
        1.0,
        1.0,
        1.0,
        1.0,
        1.0,
        1.0,
        1.0,
        1.0,
        1.0,
        1.0,
        1.0,
        1.0,
        1.0,
        1.0,
        1.0,
        1.0,
        1.0,
        1.0,
        1.0,
        1.0,
        1.0,
        1.0,
        1.0,
        1.0,
        1.0,
        1.0,
        1.0,
        1.0,
        1.0,
        1.0,
        1.0,
        1.0,
        1.0,
        1.0,
        1.0,
        1.0,
        1.0,
        1.0,
        1.0,
        1.0
    ],
    "pitchFactor": [
        1.0
    ],
    "currTimeWithSampleOffset": [
        -1.1885959257070704e+148
    ],
    "shadersum": [
        0.0
    ],
    "envelopeAmplitude": [
        0.0
    ],
    "envelopeIndexFloat64": [
        -0.0
    ],
    "envelopeIndex": [
        0.0
    ],
    "secondsSinceStrike": [
        -1.1885959257070704e+148
    ],
    "secondsSinceRelease": [
        -1.1885959257070704e+148
    ],
    "fractional": [
        0.0
    ],
    "phase": [
        0.0
    ],
    "noteVol": [
        0.0
    ],
    "increment": [
        -6.259853398707798e+18
    ],
    "innersum": [
        0.0
    ],
    "thisIncrement": [
        3.9185764937025854e+37
    ],
    "indexInFilter": [
        0.0
    ],
    "pcmBufferOut": [
        0.0
    ]
}