{
    "noteBaseIncrement": [
        0.037275318056344986
    ],
    "partialMultiplier": [
        0.9599999785423279
    ],
    "partialVolume": [
        1.0
    ],
    "noteVolume": [
        1.0
    ],
    "noteStrikeTime": [
        1663035583.0633078
    ],
    "noteReleaseTime": [
        0.0
    ],
    "currTime": [
        1663035583.0633166
    ],
    "noteBasePhase": [
        0.0
    ],
    "attackEnvelope": [
        1.0,
        1.0,
        1.0,
        1.0,
        1.0,
        1.0,
        1.0,
        1.0,
        1.0,
        1.0,
        1.0,
        1.0,
        1.0,
        1.0,
        1.0,
        1.0,
        1.0,
        1.0,
        1.0,
        1.0,
        1.0,
        1.0,
        1.0,
        1.0,
        1.0,
        1.0,
        1.0,
        1.0,
        1.0,
        1.0,
        1.0,
        1.0,
        1.0,
        1.0,
        1.0,
        1.0,
        1.0,
        1.0,
        1.0,
        1.0,
        1.0,
        1.0,
        1.0,
        1.0,
        1.0,
        1.0,
        1.0,
        1.0,
        1.0,
        1.0,
        1.0,
        1.0,
        1.0,
        1.0,
        1.0,
        1.0,
        1.0,
        1.0,
        1.0,
        1.0,
        1.0,
        1.0,
        1.0,
        1.0
    ],
    "releaseEnvelope": [
        0.0,
        0.0,
        0.0,
        0.0,
        0.0,
        0.0,
        0.0,
        0.0,
        0.0,
        0.0,
        0.0,
        0.0,
        0.0,
        0.0,
        0.0,
        0.0,
        0.0,
        0.0,
        0.0,
        0.0,
        0.0,
        0.0,
        0.0,
        0.0,
        0.0,
        0.0,
        0.0,
        0.0,
        0.0,
        0.0,
        0.0,
        0.0,
        0.0,
        0.0,
        0.0,
        0.0,
        0.0,
        0.0,
        0.0,
        0.0,
        0.0,
        0.0,
        0.0,
        0.0,
        0.0,
        0.0,
        0.0,
        0.0,
        0.0,
        0.0,
        0.0,
        0.0,
        0.0,
        0.0,
        0.0,
        0.0,
        0.0,
        0.0,
        0.0,
        0.0,
        0.0,
        0.0,
        0.0,
        0.0
    ],
    "attackSpeedMultiplier": [
        256.0
    ],
    "releaseSpeedMultiplier": [
        256.0
    ],
    "freqFilter": [
        1.0,
        1.0,
        1.0,
        1.0,
        1.0,
        1.0,
        1.0,
        1.0,
        1.0,
        1.0,
        1.0,
        1.0,
        1.0,
        1.0,
        1.0,
        1.0,
        1.0,
        1.0,
        1.0,
        1.0,
        1.0,
        1.0,
        1.0,
        1.0,
        1.0,
        1.0,
        1.0,
        1.0,
        1.0,
        1.0,
        1.0,
        1.0,
        1.0,
        1.0,
        1.0,
        1.0,
        1.0,
        1.0,
        1.0,
        1.0,
        1.0,
        1.0,
        1.0,
        1.0,
        1.0,
        1.0,
        1.0,
        1.0,
        1.0,
        1.0,
        1.0,
        1.0,
        1.0,
        1.0,
        1.0,
        1.0,
        1.0,
        1.0,
        1.0,
        1.0,
        1.0,
        1.0,
        1.0,
        1.0
    ],
    "pitchFactor": [
        1.0
    ],
    "currTimeWithSampleOffset": [
        0.0
    ],
    "shadersum": [
        0.0
    ],
    "envelopeAmplitude": [
        1.0
    ],
    "envelopeIndexFloat64": [
        -425737109264.2068
    ],
    "envelopeIndex": [
        2147483648.0
    ],
    "secondsSinceStrike": [
        -5.263544247e-315
    ],
    "secondsSinceRelease": [
        -1663035583.0633078
    ],
    "fractional": [
        0.793212890625
    ],
    "phase": [
        3.566169859414714e-10
    ],
    "noteVol": [
        1.0
    ],
    "increment": [
        0.0
    ],
    "innersum": [
        0.0
    ],
    "thisIncrement": [
        0.0
    ],
    "indexInFilter": [
        0.0
    ],
    "pcmBufferOut": [
        0.0
    ]
}